itemCollection_loot_event_GusA3,"Sale: Energy and Support Weapons",,
Weapon_Laser_LargeLaser_3-Magna,Weapon,3,10
Weapon_MachineGun_MachineGun_2-VMI,Weapon,4,10
Weapon_Laser_MediumLaserER_0-STOCK,Weapon,2,10
Weapon_TAG_Standard_2-Ceres_Arms,Weapon,1,10
Weapon_Autocannon_AC20_3-Kali_Yama,Weapon,1,10
Weapon_Narc_Standard_2-Kali_Yama,Weapon,1,10
Weapon_LRM_LRM20_3-Zeus,Weapon,1,10
Weapon_SRM_SRM6_3-Valiant,Weapon,1,10
Weapon_MRM_MRM10_0-STOCK,Weapon,1,10
Ammo_AmmunitionBox_Generic_MRM,AmmunitionBox,3,10