itemCollection_loot_event_GusD3,"Sale: It's All Mine",,
Weapon_MachineGun_MachineGun_1-Brigadier,Weapon,2,1
Weapon_Laser_MediumLaserER_0-STOCK,Weapon,2,10
Weapon_Autocannon_AC20_3-Kali_Yama,Weapon,1,10
Weapon_Autocannon_UAC5_0-STOCK,Weapon,2,10
Weapon_LRM_LRM20_3-Zeus,Weapon,1,10
Gear_HeatSink_Generic_Thermal-Exchanger-I,HeatSink,1,10
mechdef_nightstar_NSR-7J,2,10
Gear_Cockpit_Ceres_Metals_Reinforced,Upgrade,1,10
Gear_HeatSink_Generic_Double,HeatSink,1,10
Weapon_MRM_MRM10_0-STOCK,Weapon,1,10
Ammo_AmmunitionBox_Generic_MRM,AmmunitionBox,4,10